Actual_PM25,Predicted_PM25
144.0,54.375697553157806
174.0,101.01859295368195
166.0,108.32701295614243
114.00000000000001,131.2961461544037
95.0,94.94601917266846
128.0,94.50527215003967
173.0,126.00687718391418
231.99999999999997,176.96277344226837
264.0,230.36248219013214
34.0,229.40262973308563
45.0,118.78026884794235
36.0,72.51739650964737
25.0,33.6738006323576
21.0,22.536663830280304
43.0,31.48542107641697
68.0,48.668718069791794
85.0,67.57497650384903
77.0,84.83227407932281
80.0,91.31850206851959
101.0,96.21907675266266
173.0,110.22549051046371
209.0,153.47652804851532
212.0,196.96181559562683
217.0,186.3876069188118
192.0,211.8358976840973
177.0,182.5606770515442
151.0,161.3259791135788
140.0,143.22507172822952
54.0,128.0601418018341
28.0,89.82037353515625
46.0,64.64211586117744
47.0,80.58422487974167
128.0,87.49665051698685
157.0,122.52021986246109
128.0,137.38672256469727
159.0,128.15585535764694
150.0,151.78803884983063
160.0,170.05352175235748
158.0,184.19274616241455
177.0,187.04041171073914
217.0,193.50810384750366
213.0,212.08096450567245
203.0,180.84744375944138
196.0,160.40448063611984
102.0,147.9855356812477
38.0,108.46320068836212
33.0,41.96665848791599
24.0,27.016947582364082
14.0,21.06557732820511
11.0,13.779165476560593
15.0,10.740056946873665
18.0,12.08719128370285
22.0,13.56306092441082
22.0,10.802701145410538
21.0,14.617408141493797
21.0,17.421181172132492
66.0,19.680939629673958
10.0,51.348446890711784
11.0,27.433972522616386
22.0,15.091011866927147
17.0,18.060877561569214
10.0,18.406066551804543
53.0,13.866871163249016
57.99999999999999,48.96971619129181
83.0,71.10076224803925
104.0,83.21060281991959
66.0,57.94334131479263
61.00000000000001,34.57547780871391
69.0,31.661625936627388
43.0,60.135320127010345
87.0,71.31772059202194
126.0,103.71849220991135
118.0,125.6495668888092
262.0,111.77294218540192
177.0,145.54518914222717
97.0,120.4969300031662
81.0,102.47728836536407
110.99999999999999,69.8621991276741
189.0,117.62482506036758
218.00000000000003,193.82199454307556
20.0,201.11052024364471
20.0,55.638230323791504
12.0,7.603863716125488
33.0,5.4539079666137695
10.0,19.70867992937565
12.0,38.52396668493748
40.0,29.816642090678215
56.0,56.79359793663025
57.00000000000001,76.75297844409943
110.0,69.58055573701859
84.0,59.805356562137604
120.0,73.01116114854813
106.0,103.36339098215103
63.0,115.99882453680038
118.99999999999999,102.16780310869217
177.0,138.3840276002884
250.0,171.40666437149048
123.0,181.59196293354034
59.0,106.60283589363098
180.0,75.84585160017014
168.0,120.50134813785553
110.99999999999999,160.94463568925858
94.0,149.1262904405594
93.0,141.52873653173447
123.0,136.21232396364212
213.0,133.21200424432755
103.0,138.47319012880325
67.0,114.40066587924957
55.0,64.12630498409271
48.0,80.9842945933342
279.0,97.70544898509979
513.0,233.84691774845123
569.0,400.4733889102936
651.0,455.94200348854065
618.0,488.3376967906952
479.00000000000006,465.52468371391296
457.0,400.74025440216064
286.0,404.0152348279953
332.0,345.9285707473755
422.0,357.2963043451309
351.0,389.4801810979843
250.0,331.961602807045
79.0,248.6936023235321
77.0,149.65206116437912
115.0,142.40651071071625
13.0,181.81213331222534
195.0,96.73304039239883
384.0,134.81479686498642
38.0,238.697851896286
20.0,78.26815742254257
19.0,15.22352734208107
42.0,34.07728868722916
56.0,32.94660168886185
108.0,51.81245894730091
95.0,96.71814823150635
145.0,111.13199526071548
170.0,138.3599817752838
114.00000000000001,159.08287435770035
130.0,133.4709348678589
137.0,139.79671347141266
185.0,157.01144206523895
195.0,192.2326975464821
202.0,217.16640257835388
22.0,228.36259067058563
16.0,75.03975784778595
9.0,19.23342575132847
7.0,7.25436133146286
11.0,5.540048897266388
9.0,7.035641446709633
14.0,4.842558100819588
9.0,6.963405579328537
8.0,5.705319508910179
11.0,4.127543941140175
13.0,2.0745808482170105
18.0,1.476256862282753
23.0,3.391956254839897
23.0,19.924200475215912
54.0,28.44885805249214
56.0,43.86790372431278
110.99999999999999,64.43637424707413
127.00000000000001,106.60496878623962
190.0,132.58801889419556
107.0,139.20388358831406
97.0,96.05659604072571
117.0,102.81643098592758
125.0,122.98068344593048
184.0,144.29792940616608
237.0,190.8821194767952
324.0,236.92097461223602
366.0,282.7201713323593
294.0,307.0626207590103
221.00000000000003,236.17552864551544
240.0,200.44457530975342
237.99999999999997,215.94064950942993
310.0,243.002867102623
325.0,298.3814685344696
301.0,308.7518209218979
296.0,252.29174137115479
234.0,216.20639777183533
231.00000000000003,180.61926233768463
178.0,183.7653678059578
59.0,172.26322388648987
32.0,131.17287003993988
25.0,102.96249604225159
54.0,61.3121817111969
60.0,63.62371677160263
36.0,64.31639903783798
15.0,21.153270319104195
15.0,3.9753817319869995
19.0,20.253922820091248
14.0,30.848136886954308
55.0,37.27931593358517
42.0,55.282875180244446
39.0,58.66439867019653
25.0,52.889046013355255
28.999999999999996,43.70660689473152
35.0,47.97017987072468
65.0,58.00518250465393
80.0,84.35194158554077
113.0,103.39232468605042
122.00000000000001,124.05128127336502
120.0,140.0756272673607
110.0,138.1289057135582
143.0,96.0141921043396
136.0,98.82131999731064
167.0,96.02307915687561
19.0,112.97704893350601
11.0,36.86908641457558
11.0,10.47971074283123
13.0,19.90495365858078
17.0,15.291986212134361
30.999999999999996,22.282557606697083
57.00000000000001,32.23458690941334
65.0,48.13103234767914
75.0,75.0783149600029
83.0,92.20551878213882
75.0,105.35774713754654
76.0,104.8429074883461
86.0,104.66978770494461
91.0,112.34926754236221
132.0,121.40245717763901
190.0,140.11442559957504
217.0,184.86323618888855
224.99999999999997,207.17674612998962
229.0,186.00284832715988
128.0,197.63662219047546
16.0,152.22617053985596
20.0,37.42758370935917
16.0,33.076819226145744
17.0,30.286649733781815
39.0,33.924551993608475
142.0,42.36784543097019
137.0,109.22177410125732
281.0,123.94301158189774
138.0,197.39998537302017
143.0,132.78275960683823
70.0,110.4619876742363
130.0,114.00780737400055
147.0,161.7032471895218
155.0,187.93722957372665
183.0,184.28137546777725
167.0,176.31329494714737
175.0,139.79174941778183
187.0,131.87342369556427
152.0,139.31380373239517
143.0,163.49396288394928
120.0,178.90640991926193
132.0,177.44374072551727
141.0,177.67039865255356
163.0,171.5910707116127
171.0,171.2383689880371
141.0,139.65671700239182
15.0,99.48800128698349
12.0,18.68364728987217
9.0,6.414811000227928
7.0,8.522924602031708
10.0,15.690024599432945
9.0,12.3014517724514
7.0,14.8299610465765
6.0,-5.022730395197868
6.0,-7.471583113074303
4.0,-3.829564243555069
6.0,-0.9324136823415756
11.0,6.47746154665947
3.0,19.93975281715393
6.0,10.57593847811222
7.0,5.5939203053712845
9.0,6.385293290019035
11.0,5.8403265327215195
8.0,5.332494959235191
17.0,3.9691544473171234
91.0,22.335143566131592
104.0,56.69891273975372
61.99999999999999,86.33822321891785
155.0,69.04572021961212
94.0,107.50922638177872
115.99999999999999,94.04913783073425
102.0,100.69821470975876
101.0,122.34868705272675
90.0,144.5251459479332
139.0,142.80571711063385
203.0,141.48996359109879
168.0,166.9889359474182
154.0,154.12334042787552
136.0,112.93924087285995
125.0,122.25383681058884
102.0,132.63871318101883
155.0,128.77001416683197
91.0,155.94590985774994
105.0,137.75912815332413
118.99999999999999,125.75744301080704
105.0,128.099638402462
94.0,131.3448725938797
90.0,132.47492480278015
109.00000000000001,139.00698459148407
106.0,151.93915683031082
106.0,152.6873704791069
88.0,144.23333323001862
132.0,125.32144421339035
146.0,128.76408523321152
20.0,109.75615257024765
6.0,30.057436779141426
10.0,26.503650471568108
14.0,23.965298786759377
9.0,21.53100496530533
10.0,15.499051362276077
10.0,10.873492866754532
16.0,8.874702706933022
14.0,8.553892806172371
14.0,8.100875303149223
11.0,11.130760341882706
26.0,15.189581975340843
11.0,23.0221476405859
9.0,20.725469827651978
8.0,17.53930914402008
13.0,25.060920014977455
18.0,26.49838489294052
26.0,14.761349827051163
34.0,32.668297290802
53.0,49.4631412178278
66.0,66.93476593494415
120.0,72.7709949016571
112.0,100.10251557826996
66.0,84.56746530532837
90.0,57.446586817502975
146.0,93.32929927110672
188.0,148.58498007059097
204.0,199.72909140586853
220.0,218.26766073703766
241.00000000000003,202.62493747472763
141.0,173.28211176395416
87.0,107.00517815351486
36.0,74.75980299711227
114.00000000000001,45.745036482810974
162.0,94.66664832830429
175.0,146.932026386261
268.0,176.80730080604553
193.0,229.39173674583435
176.0,202.18785953521729
198.0,180.83415126800537
214.0,202.55179703235626
208.0,234.1854636669159
220.0,247.61230194568634
250.0,252.33599889278412
263.0,251.4012587070465
276.0,240.4445639848709
250.0,237.04206705093384
206.0,202.77576345205307
218.00000000000003,195.0730630159378
272.0,218.29800367355347
311.0,265.97759914398193
486.99999999999994,309.9716069698334
579.0,374.64642083644867
466.0,426.89535784721375
322.0,377.61936843395233
282.0,285.537113070488
279.0,287.0782803297043
418.0,311.6171590089798
338.0,399.32116985321045
351.0,382.9614518880844
382.0,354.57310831546783
376.0,318.1075004339218
345.0,299.3716131448746
297.0,280.1784235239029
259.0,259.7237294912338
120.0,267.87813341617584
169.0,217.08179783821106
237.99999999999997,238.82229602336884
165.0,267.20990324020386
117.0,199.36828976869583
46.0,118.36234885454178
70.0,30.72002685070038
88.0,45.237877786159515
79.0,72.7133179306984
71.0,92.38883328437805
75.0,98.93725794553757
45.0,90.94996869564056
27.0,59.60035765171051
60.0,36.78653521835804
71.0,45.34934364259243
82.0,71.37826681137085
63.0,92.57122099399567
88.0,93.49755656719208
93.0,104.57983803749084
118.0,96.72453421354294
118.99999999999999,96.29045248031616
122.00000000000001,80.05773049592972
103.0,108.89175975322723
38.0,87.70134472846985
18.0,60.14270907640457
15.0,45.05181147158146
89.0,51.584055349230766
152.0,94.05360674858093
160.0,134.9540569782257
180.0,144.62083411216736
190.0,155.92687886953354
221.00000000000003,172.38662695884705
273.0,204.22114098072052
384.0,253.69421982765198
394.0,334.26464438438416
400.0,355.25863015651703
357.0,355.9778720140457
313.0,331.4390187263489
305.0,272.0902408361435
267.0,247.68080842494965
327.0,249.89266884326935
321.0,274.17255342006683
330.0,293.3124715089798
384.0,298.64201152324677
340.0,303.00367534160614
296.0,282.77440774440765
350.0,260.0611581802368
323.0,291.47071874141693
360.0,331.8401041030884
335.0,371.10713946819305
355.0,359.43915045261383
287.0,354.3778978586197
264.0,313.38497149944305
233.0,279.9712790250778
246.0,253.48227632045746
270.0,246.0587182044983
316.0,260.429056763649
348.0,292.7391804456711
358.0,323.20643413066864
348.0,330.7474282979965
339.0,300.7682515382767
344.0,255.1522296667099
323.0,241.49387097358704
347.0,252.71864998340607
366.0,255.5872381925583
425.0,305.21294581890106
343.0,361.55698585510254
371.0,341.31702840328217
452.99999999999994,344.61897468566895
463.0,388.7776468992233
371.0,377.98703849315643
397.0,323.6903976202011
410.0,357.05615079402924
482.00000000000006,403.79958415031433
523.0,476.24668407440186
541.0,515.6110961437225
495.0,536.9354517459869
478.0,487.1223542690277
526.0,472.2313106060028
551.0,457.58235025405884
502.00000000000006,488.64727091789246
188.0,482.4694998264313
57.99999999999999,299.4468230009079
30.999999999999996,178.8267565369606
17.0,91.03172957897186
13.0,34.18970037996769
10.0,13.810546293854713
8.0,5.22527901828289
14.0,21.089785024523735
17.0,38.71145175397396
45.0,53.35873943567276
42.0,73.60906934738159
114.00000000000001,56.220027565956116
48.0,78.96445798873901
63.0,49.40964750945568
106.0,40.657849565148354
103.0,73.18019288778305
118.0,104.35004425048828
171.0,128.00986647605896
168.0,169.39190608263016
210.0,140.25889098644257
149.0,162.76624023914337
45.0,120.32104253768921
14.0,49.04622419178486
10.0,20.31536091864109
28.999999999999996,39.95211920142174
74.0,61.88612025976181
125.0,86.33093583583832
123.99999999999999,115.74690198898315
139.0,99.35263878107071
146.0,100.0699000954628
174.0,115.53180992603302
141.0,151.57480037212372
144.0,157.0571722984314
183.0,165.47125589847565
306.0,189.16555988788605
188.0,255.8216278553009
209.0,210.81487691402435
246.0,192.7762296795845
260.0,214.1161630153656
308.0,228.33369505405426
230.0,263.5563851594925
241.00000000000003,213.24490177631378
266.0,188.0160323381424
226.0,189.78555876016617
3.0,170.34438228607178
6.0,48.428228080272675
8.0,11.634707003831863
11.0,12.407563179731369
11.0,13.254581809043884
9.0,11.634421348571777
14.0,9.535842284560204
18.0,7.37333357334137
26.0,7.213157147169113
27.0,29.74884022772312
27.0,30.385121449828148
27.0,33.35369534790516
39.0,44.809867814183235
49.0,62.059265434741974
12.0,41.451139613986015
11.0,13.675006046891212
12.0,5.501913920044899
23.0,9.631009921431541
13.0,19.71711628139019
11.0,6.095080241560936
17.0,0.8275496363639832
41.0,3.4984104484319687
67.0,31.909254133701324
91.0,62.52819710969925
100.0,76.48715400695801
92.0,81.53293043375015
26.0,61.33250766992569
17.0,28.18378584086895
40.0,32.270960345864296
51.0,60.16030544042587
110.99999999999999,76.48391658067703
110.0,100.5941219329834
141.0,110.22410666942596
167.0,131.36655700206757
205.0,155.52870082855225
202.0,183.1715476512909
187.0,197.7891240119934
213.0,206.81052339076996
134.0,225.008007645607
112.0,148.5505110025406
143.0,110.94099980592728
100.0,124.2760221362114
145.0,101.37110424041748
147.0,116.61955976486206
123.99999999999999,137.65266126394272
98.0,147.16599708795547
55.0,136.22244250774384
48.0,107.69838094711304
78.0,86.78786998987198
81.0,87.8413792848587
96.0,94.85571402311325
110.99999999999999,108.5315294265747
135.0,119.91736721992493
183.0,145.9182676076889
224.0,188.09766626358032
257.0,214.4868038892746
259.0,229.13261568546295
244.99999999999997,227.74618470668793
272.0,198.2197905778885
224.99999999999997,234.88083744049072
202.0,238.7776322364807
18.0,217.39195597171783
10.0,96.20170891284943
13.0,19.361913487315178
10.0,5.694794699549675
11.0,-2.3969872444868088
11.0,-8.158269792795181
13.0,-6.294286698102951
15.0,15.56690400838852
35.0,27.28447960317135
36.0,40.35696253180504
20.0,20.82210700213909
18.0,10.318645611405373
21.0,13.863024339079857
15.0,14.029253482818604
18.0,28.4626647233963
28.0,38.877760246396065
39.0,48.856438010931015
24.0,55.168822556734085
13.0,20.195131793618202
7.0,5.835886180400848
12.0,3.106062948703766
12.0,3.0761008858680725
22.0,20.574751764535904
30.0,30.676140680909157
52.0,38.96286964416504
72.0,51.164805471897125
78.0,68.50904381275177
87.0,77.7251204252243
99.0,58.98349463939667
109.00000000000001,77.64936465024948
123.0,98.17515510320663
115.99999999999999,118.33634787797928
168.0,127.74176949262619
205.0,157.3403137922287
137.0,176.9257144331932
121.0,137.98838871717453
78.0,105.71743154525757
73.0,50.220400616526604
104.0,61.56016221642494
137.0,103.62158524990082
157.0,141.74672323465347
149.0,159.01259046792984
148.0,152.12338542938232
152.0,144.5243968963623
181.0,117.02719616889954
36.0,120.33317971229553
30.0,47.0021195858717
22.0,29.163072377443314
26.0,29.28412990272045
23.0,25.79399710893631
17.0,18.587784558534622
17.0,20.822227612137794
18.0,20.244029626250267
52.0,14.46753117442131
79.0,31.052037611603737
60.0,52.22538949549198
57.00000000000001,56.216193437576294
34.0,52.06529559195042
72.0,41.29925353825092
78.0,58.794213116168976
94.0,71.521475315094
79.0,79.5472708940506
76.0,46.25621657073498
48.0,55.328897416591644
15.0,38.47584964334965
10.0,15.200776487588882
6.0,6.529000103473663
9.0,5.340604394674301
11.0,5.3844143897295
17.0,2.7687167823314667
9.0,2.688336566090584
11.0,17.64087863266468
11.0,26.2734916806221
6.0,17.931862950325012
12.0,8.586533680558205
16.0,8.553816631436348
19.0,31.652380228042603
20.0,33.98043251037598
19.0,29.066155895590782
36.0,30.585416570305824
54.0,40.78575012087822
71.0,56.36309641599655
75.0,64.23465719819069
98.0,48.865242540836334
89.0,51.995541751384735
37.0,59.82266727089882
17.0,30.01832740008831
11.0,18.351928532123566
61.00000000000001,17.66898076236248
98.0,43.020180478692055
125.0,66.47271537780762
150.0,76.01047790050507
184.0,97.42686527967453
128.0,120.44504231214523
145.0,103.66887706518173
165.0,123.8968750834465
152.0,160.93635803461075
247.0,170.752272605896
261.0,216.15424346923828
270.0,210.75515592098236
271.0,238.09624922275543
270.0,251.69298255443573
242.0,251.9248584508896
168.0,241.9582575559616
224.99999999999997,208.43634617328644
290.0,233.32720291614532
324.0,259.54675018787384
250.0,240.87693178653717
233.0,182.81012392044067
226.0,150.6764463186264
206.0,190.5092949271202
163.0,217.09032940864563
147.0,208.66580986976624
190.0,194.64835077524185
247.99999999999997,197.19115233421326
311.0,216.02855515480042
330.0,247.26575767993927
331.0,266.9438248872757
286.0,282.06715071201324
309.0,275.61197662353516
387.0,290.2633237838745
465.00000000000006,335.3447767496109
426.0,366.8718241453171
389.0,354.2956545352936
336.0,315.38745296001434
443.99999999999994,287.9132570028305
90.0,342.62332355976105
95.0,182.76344150304794
110.99999999999999,88.79192572832108
145.0,76.7214674949646
154.0,114.39156299829483
194.0,134.81103891134262
194.0,138.54808259010315
100.0,138.7198947072029
52.0,114.16039806604385
142.0,91.11364281177521
183.0,141.7944974899292
221.99999999999997,179.66045093536377
22.0,203.50187373161316
28.0,100.61418128013611
25.0,28.744489029049873
23.0,20.325235068798065
18.0,24.226359128952026
26.0,41.71716083586216
47.0,54.82324951887131
61.00000000000001,60.7855349779129
63.0,64.65803003311157
42.0,58.18459939956665
35.0,28.3131844997406
21.0,14.38537672162056
9.0,25.097115710377693
18.0,30.55896806716919
27.0,35.11057676374912
64.0,38.5322348177433
165.0,55.63816684484482
127.00000000000001,109.6037523150444
199.0,110.16677248477936
254.00000000000003,138.71908217668533
210.0,184.7917715907097
27.0,184.21034252643585
118.0,65.59034532308578
159.0,115.65159469842911
177.0,169.34362399578094
196.0,180.9099451303482
216.0,153.38923180103302
121.0,165.3853434920311
63.0,127.04925227165222
48.0,81.24417740106583
83.0,74.47183710336685
95.0,97.75271540880203
118.99999999999999,106.26389640569687
123.99999999999999,106.27604627609253
163.0,104.4169510602951
84.0,111.71643322706223
105.0,64.68969967961311
115.99999999999999,72.27235507965088
87.0,98.00823086500168
64.0,91.54832124710083
52.0,68.07978647947311
12.0,44.22525845468044
6.0,4.603436082601547
14.0,-10.588596180081367
14.0,-8.67199856042862
7.0,6.949995651841164
22.0,9.45613494515419
40.0,24.482122153043747
28.999999999999996,40.3875879496336
37.0,40.79584962129593
60.0,41.215118542313576
41.0,48.6302403062582
24.0,45.92851285636425
16.0,35.192680433392525
14.0,25.67587548494339
34.0,22.333194762468338
28.0,34.142075300216675
36.0,34.94230677187443
8.0,34.91293188929558
8.0,1.6703151762485504
14.0,-6.443081349134445
25.0,16.809872567653656
48.0,32.966223031282425
57.00000000000001,51.07832492887974
65.0,65.50622302293777
71.0,69.13404482603073
84.0,72.05805015563965
39.0,42.02611604332924
41.0,34.52159687876701
45.0,44.72615812718868
82.0,63.11701512336731
54.0,85.23832350969315
70.0,77.42174184322357
87.0,72.88262897729874
92.0,74.98074781894684
110.0,80.84141618013382
97.0,93.93909072875977
98.0,96.04378598928452
123.0,102.52305668592453
166.0,121.42693465948105
180.0,146.11733758449554
174.0,153.27443647384644
193.0,157.60613822937012
206.0,161.12090402841568
152.0,168.28909903764725
138.0,147.90875154733658
139.0,145.48389387130737
136.0,152.40182948112488
145.0,148.22753012180328
153.0,146.5676064491272
162.0,145.0659738779068
61.99999999999999,131.9072960615158
61.99999999999999,39.52015766501427
73.0,35.353621780872345
217.0,50.55136080086231
165.0,135.55087333917618
101.0,144.57628458738327
106.0,98.83995741605759
88.0,82.36554569005966
71.0,74.29931402206421
68.0,68.42574673891068
64.0,68.3279002904892
65.0,70.36909121274948
51.0,74.03251200914383
71.0,64.31914132833481
69.0,71.83878117799759
46.0,72.55138313770294
40.0,52.14950358867645
41.0,41.80594566464424
59.0,42.571638241410255
83.0,56.94031047821045
78.0,78.12289220094681
96.0,81.7314544916153
143.0,82.9217609167099
190.0,86.71146672964096
114.00000000000001,102.72127604484558
75.0,99.59493792057037
109.00000000000001,85.07876282930374
110.0,101.92975705862045
120.0,113.47671711444855
142.0,125.66942310333252
151.0,137.091494679451
173.0,142.8735888004303
175.0,150.97319769859314
157.0,151.96466267108917
159.0,150.57557827234268
158.0,159.04226052761078
254.00000000000003,162.83853006362915
282.0,211.34596717357635
254.99999999999997,240.28558731079102
270.0,229.2198611497879
280.0,224.59145879745483
224.99999999999997,230.78098618984222
224.0,215.26558899879456
274.0,216.033811211586
56.0,244.32835829257965
57.00000000000001,130.3753840327263
78.0,74.51462191343307
112.0,79.33479416370392
93.0,93.99751675128937
54.0,87.95604765415192
40.0,54.71739837527275
54.0,42.92023605108261
39.0,49.174730971455574
54.0,52.027512922883034
51.0,56.185234755277634
52.0,59.8976232111454
51.0,59.37203657627106
61.99999999999999,55.14369758963585
67.0,58.44569465517998
84.0,68.71541386842728
127.00000000000001,89.8252741098404
109.00000000000001,117.9838238954544
107.0,117.17620664834976
115.99999999999999,114.04707545042038
106.0,102.1830507516861
101.0,79.28291916847229
131.0,71.32311630249023
141.0,116.25291806459427
152.0,138.72786766290665
156.0,144.46585661172867
140.0,145.23840808868408
171.0,125.3659810423851
170.0,131.90887033939362
158.0,140.53119027614594
153.0,147.0395216345787
83.0,151.71018826961517
83.0,109.2949526309967
77.0,87.43432688713074
59.0,80.1275954246521
69.0,68.94028168916702
44.0,71.1684308052063
46.0,53.41774946451187
52.0,56.71614092588425
67.0,61.84197700023651
95.0,72.6095552444458
128.0,89.99586743116379
121.0,110.97367876768112
64.0,90.90746319293976
23.0,50.94776777923107
22.0,26.441441103816032
49.0,24.83000899851322
69.0,62.13000002503395
76.0,87.38185518980026
90.0,66.4876075387001
46.0,54.79053246974945
45.0,34.24282591044903
23.0,35.34123386442661
25.0,32.98696160316467
30.0,39.36357097327709
43.0,44.760684326291084
73.0,52.22097770869732
102.0,68.7002170085907
52.0,63.4018959403038
84.0,34.286470860242844
56.0,31.88061560690403
87.0,42.98445135354996
105.0,73.33574169874191
76.0,104.19449543952942
73.0,99.39783579111099
98.0,88.68364334106445
108.0,96.50978493690491
151.0,105.22830086946487
174.0,125.4703277349472
154.0,146.40499877929688
126.0,145.27376586198807
71.0,131.7248067855835
82.0,100.91005665063858
89.0,94.13736087083817
107.0,96.95258867740631
118.99999999999999,103.80535680055618
121.0,106.75853705406189
136.0,105.56765931844711
105.0,114.02013498544693
118.0,108.4053840637207
139.0,117.25537759065628
155.0,126.94607359170914
118.0,140.85907173156738
156.0,117.88540613651276
169.0,129.76579570770264
102.0,145.5074826478958
112.0,115.24427568912506
104.0,86.15290278196335
27.0,76.45253258943558
21.0,38.813179939985275
28.0,24.889269769191742
38.0,35.12828738987446
42.0,37.88202631473541
47.0,21.201933279633522
52.0,35.11965425312519
48.0,54.358367800712585
36.0,57.52264094352722
59.0,50.5033008903265
57.99999999999999,56.8150030374527
43.0,37.10674524307251
20.0,21.210169672966003
84.0,21.825439363718033
135.0,53.133354261517525
98.0,103.53659963607788
48.0,102.28509950637817
38.0,68.82938396930695
73.0,50.82838609814644
106.0,39.98777849972248
68.0,49.67141881585121
41.0,60.210237979888916
57.99999999999999,60.29180842638016
72.0,72.20323920249939
81.0,83.46142083406448
105.0,90.18644392490387
83.0,99.05177396535873
121.0,85.82569420337677
133.0,93.1275377869606
106.0,108.24899733066559
99.0,108.86049002408981
105.0,116.0933700799942
103.0,124.97512847185135
94.0,122.33762902021408
110.99999999999999,110.52231806516647
156.0,101.37975007295609
135.0,125.73347336053848
81.0,125.84198427200317
118.99999999999999,98.53435707092285
90.0,114.7986153960228
94.0,110.8390526175499
112.0,105.38226270675659
135.0,111.50388032197952
162.0,122.83393281698227
144.0,134.51998794078827
143.0,131.03288626670837
130.0,131.051549077034
54.0,94.85865944623947
47.0,44.042232781648636
28.0,29.099256992340088
25.0,23.180940225720406
52.0,19.61947613954544
50.0,21.106099113821983
49.0,18.726051226258278
24.0,20.934290170669556
27.0,20.401343151926994
42.0,22.268258973956108
40.0,44.42797529697418
64.0,47.891139060258865
122.00000000000001,64.59368777275085
121.0,91.0473580956459
59.0,101.71909582614899
104.0,57.45715606212616
50.0,51.621546015143394
52.0,34.426940247416496
50.0,30.536671087145805
46.0,27.328600645065308
59.0,24.41980169713497
46.0,21.616063579916954
49.0,15.829817935824394
32.0,17.745596677064896
32.0,15.68060114979744
67.0,30.435317426919937
85.0,58.011505007743835
36.0,53.335264921188354
35.0,31.30445846915245
30.999999999999996,18.852583810687065
33.0,33.81668221950531
32.0,28.79426921904087
34.0,44.808350667357445
59.0,61.54556840658188
72.0,74.68687838315964
71.0,80.3559672832489
97.0,77.46574544906616
103.0,86.66266411542892
110.99999999999999,105.46731179952621
106.0,124.15687215328217
154.0,130.52000176906586
123.99999999999999,153.39312940835953
132.0,145.22972416877747
159.0,132.42457330226898
140.0,144.15360367298126
84.0,98.13747400045395
110.99999999999999,45.479577049613
12.0,47.279294058680534
24.0,20.722924321889877
84.0,35.90773268043995
128.0,83.63681316375732
126.0,112.98587250709534
95.0,108.19076174497604
61.00000000000001,80.70195293426514
61.99999999999999,63.61263334751129
67.0,69.55597668886185
63.0,82.65405750274658
84.0,83.92330634593964
70.0,89.14109802246094
90.0,72.42163217067719
80.0,75.83556801080704
69.0,74.447969019413
74.0,73.91977339982986
43.0,78.55123543739319
56.0,62.379542112350464
55.0,61.76351702213287
40.0,61.17533379793167
50.0,54.40751954913139
55.0,55.74323719739914
61.99999999999999,56.516855120658875
63.0,54.45881053805351
71.0,52.78986968100071
54.0,67.69628477096558
42.0,59.37324267625809
57.00000000000001,50.53684951364994
40.0,37.65447333455086
26.0,39.00353743135929
22.0,34.171221658587456
17.0,19.263286247849464
15.0,13.194187939167023
30.0,21.392268553376198
40.0,45.505079716444016
47.0,61.99984914064407
65.0,64.47806721925735
82.0,48.50389815866947
23.0,69.73912614583969
23.0,27.4465254843235
40.0,34.97568082809448
65.0,57.92982029914856
42.0,79.10615569353104
50.0,64.62213268876076
80.0,41.592132702469826
98.0,46.10802814364433
86.0,78.18228310346603
42.0,77.93461364507675
30.0,30.62783320248127
36.0,17.108585447072983
32.0,19.621174201369286
32.0,20.190745398402214
26.0,20.12500660121441
17.0,17.760488837957382
14.0,11.946233108639717
14.0,10.932369589805603
19.0,11.510205745697021
30.0,29.979894071817398
30.0,42.5982263982296
77.0,54.098142206668854
45.0,77.80115550756454
52.0,48.43423953652382
69.0,44.58191491663456
107.0,58.69368785619736
109.00000000000001,87.02039337158203
105.0,106.74825346469879
203.0,109.2307881116867
83.0,151.06583887338638
89.0,115.87976342439651
271.0,68.04927849769592
56.0,143.02191370725632
49.0,88.58770126104355
38.0,45.716934353113174
63.0,42.60652309656143
74.0,62.45487892627716
79.0,72.59179383516312
68.0,71.06005954742432
98.0,57.88544851541519
95.0,66.60058736801147
69.0,75.2651715874672
48.0,73.73465609550476
21.0,66.3798075914383
34.0,52.27908633649349
68.0,51.78131617605686
77.0,70.9089669585228
103.0,77.3738152384758
132.0,87.71480226516724
137.0,108.30461758375168
123.99999999999999,122.44454026222229
115.0,127.81474488973618
100.0,125.6927198767662
61.00000000000001,116.72031354904175
70.0,67.0348214507103
79.0,77.2835100889206
161.0,88.83387261629105
143.0,132.44020181894302
102.0,143.23420000076294
123.0,122.48316085338593
174.0,127.30382823944092
214.0,153.279616355896
122.00000000000001,179.00737953186035
20.0,127.74669545888901
17.0,46.22565780580044
16.0,33.44624765217304
22.0,31.402396962046623
121.0,35.245666310191154
106.0,88.48044723272324
79.0,97.27167195081711
81.0,77.78901833295822
79.0,69.75905853509903
81.0,42.0711257904768
103.0,62.10999780893326
130.0,91.00520807504654
150.0,118.54264175891876
146.0,138.50360924005508
178.0,141.19338995218277
242.0,153.19165992736816
259.0,189.76887649297714
182.0,209.64678812026978
43.0,174.9454379081726
38.0,89.77216762304306
64.0,64.84662598371506
73.0,82.8693146109581
80.0,90.36355018615723
110.0,82.03286522626877
105.0,93.05674606561661
85.0,87.85820120573044
46.0,70.5166289806366
57.00000000000001,49.98914681375027
76.0,56.339844077825546
104.0,76.48268508911133
85.0,95.98475056886673
84.0,92.76712971925735
84.0,89.53546732664108
95.0,92.73457771539688
84.0,98.40513932704926
79.0,88.10807973146439
91.0,87.56117051839828
95.0,94.48841214179993
117.0,100.24742531776428
150.0,112.99114125967026
158.0,131.69459080696106
51.0,98.09565407037735
7.0,35.08298246562481
8.0,13.313096702098846
18.0,13.30367325246334
15.0,34.509323224425316
9.0,50.83077608048916
20.0,45.18264792859554
15.0,42.052675634622574
19.0,32.92669469118118
26.0,33.08081839978695
26.0,41.33658868074417
27.0,27.66707356274128
26.0,34.45884793996811
39.0,50.15739141404629
40.0,60.43487727642059
100.0,58.04758009314537
13.0,44.297335624694824
16.0,20.878435045480728
12.0,21.40405659377575
8.0,20.320017099380493
12.0,31.04637211561203
27.0,35.974087223410606
44.0,39.575790613889694
49.0,51.81957493722439
15.0,47.391785100102425
21.0,31.31739230453968
24.0,32.4251983165741
34.0,38.00189360976219
44.0,44.76189677417278
42.0,60.114016592502594
61.99999999999999,61.01249760389328
75.0,65.5876157283783
41.0,57.76115673780441
19.0,40.980538442730904
30.0,15.167291343212128
63.0,31.732214525341988
79.0,64.82701733708382
102.0,77.81038534641266
67.0,64.74734491109848
85.0,40.71223197877407
100.0,58.78272342681885
107.0,80.23967385292053
100.0,93.35312926769257
97.0,94.72261136770248
72.0,94.7428103685379
90.0,82.57153487205505
115.0,86.73855954408646
123.0,103.06850588321686
125.0,106.25993531942368
139.0,104.95277684926987
135.0,118.11370182037354
140.0,131.23083901405334
83.0,139.67644625902176
52.0,86.84856855869293
59.0,44.427111983299255
46.0,37.54450875520706
28.999999999999996,33.050183460116386
37.0,36.375451907515526
61.99999999999999,52.76822653412819
51.0,70.66627424955368
55.0,42.65503053367138
55.0,46.13617788255215
18.0,53.659566164016724
18.0,26.36684699356556
20.0,16.358759433031082
28.0,29.18473456799984
34.0,39.55349998176098
46.0,44.42529648542404
57.00000000000001,34.264910236001015
52.0,35.478196039795876
39.0,38.601242780685425
28.0,34.272302359342575
25.0,24.704755514860153
36.0,35.01510442793369
54.0,44.493704572319984
48.0,57.8810430765152
47.0,59.58377060294151
77.0,58.574677526950836
88.0,64.87648648023605
88.0,77.78729170560837
48.0,75.32178211212158
47.0,56.08570611476898
51.0,55.386523604393005
54.0,66.78060096502304
54.0,71.93657684326172
80.0,44.28838191926479
95.0,70.13964021205902
90.0,89.88711529970169
43.0,76.87041449546814
43.0,32.2136642485857
55.0,39.615318953990936
68.0,61.35355094075203
81.0,75.21542948484421
109.00000000000001,84.97614276409149
82.0,100.62661045789719
99.0,89.19358241558075
88.0,88.88795667886734
6.0,65.08039355278015
7.0,26.529784753918648
12.0,27.64536376297474
17.0,33.79840345680714
19.0,40.31543777883053
8.0,26.543997690081596
5.0,17.26402634382248
3.0,11.359890773892403
5.0,9.451009020209312
9.0,11.383930251002312
26.0,28.697625696659088
38.0,44.36414086818695
33.0,53.30259230732918
25.0,48.4388195425272
45.0,28.90808379650116
48.0,41.28360915184021
43.0,53.856668293476105
19.0,42.833098500967026
44.0,47.22191861271858
33.0,60.34617814421654
35.0,37.53298097848892
35.0,45.873362347483635
35.0,34.70818689465523
32.0,40.47473819553852
17.0,26.496820136904716
15.0,31.367016971111298
22.0,36.68718431890011
52.0,35.179435551166534
61.99999999999999,45.4317774027586
71.0,57.64523148536682
83.0,42.40550749003887
80.0,60.647074699401855
79.0,71.05618733167648
94.0,81.94512462615967
85.0,92.70456486940384
103.0,96.49274718761444
123.0,106.8550631403923
51.0,91.62019211053848
43.0,46.03076791763306
16.0,38.699209839105606
18.0,31.37054005265236
20.0,34.06056833267212
40.0,36.87326015532017
33.0,48.975026205182076
50.0,55.67415940761566
28.0,39.05492998659611
30.999999999999996,25.062465727329254
18.0,17.86144258081913
14.0,13.791880309581757
20.0,28.687862634658813
44.0,39.36253944039345
64.0,37.88311815261841
105.0,60.18089801073074
126.0,81.37317931652069
93.0,101.25016415119171
25.0,85.51855766773224
41.0,49.150647059082985
19.0,53.21056687831879
22.0,58.50455868244171
37.0,33.74581432342529
38.0,39.1233888566494
28.0,47.06825195252895
34.0,27.48904685676098
30.0,20.548427045345306
47.0,33.89879858493805
54.0,44.816260144114494
70.0,57.54776591062546
128.0,75.63548237085342
131.0,107.06271547079086
161.0,121.10430926084518
117.0,127.74981862306595
89.0,107.35435044765472
130.0,88.48953741788864
100.0,116.34986311197281
61.00000000000001,93.90410113334656
140.0,87.10664856433868
112.0,126.6198679804802
162.0,127.05920577049255
169.0,142.61079865694046
191.0,150.85348910093307
132.0,163.3703566789627
96.0,143.224449634552
110.99999999999999,118.08832293748856
176.0,118.31621235609055
84.0,151.97944056987762
28.0,111.57129496335983
32.0,58.285099267959595
49.0,40.55045588314533
118.99999999999999,54.181896328926086
38.0,95.58134186267853
56.0,72.64774417877197
75.0,65.03795152902603
71.0,63.172698855400085
82.0,68.79511803388596
46.0,77.42965131998062
11.0,38.7677988409996
47.0,33.58664086461067
83.0,51.4016073346138
108.0,84.26335036754608
143.0,105.10239672660828
146.0,128.4697333574295
158.0,125.4538232088089
191.0,129.77757740020752
181.0,147.81814169883728
114.00000000000001,156.41816782951355
65.0,131.22591304779053
73.0,98.77476453781128
78.0,92.42709839344025
59.0,94.66973340511322
41.0,78.96237587928772
35.0,49.03575651347637
19.0,27.63896508514881
11.0,16.147476106882095
20.0,28.979602351784706
94.0,39.84242440760136
74.0,76.76191627979279
71.0,79.91986691951752
60.0,74.22952526807785
70.0,66.17480233311653
61.99999999999999,65.82126268744469
51.0,63.312974631786346
66.0,63.276664674282074
18.0,76.3606658577919
16.0,40.041189685463905
23.0,26.80298227071762
18.0,39.39818921685219
51.0,27.984141379594803
40.0,44.87432751059532
38.0,49.43246819078922
34.0,48.979184076189995
34.0,41.43109296262264
36.0,48.58348488807678
27.0,33.409106120467186
25.0,26.627148762345314
15.0,23.77336384356022
16.0,18.19741442799568
17.0,15.996348604559898
24.0,31.35220415890217
34.0,40.81299211084843
43.0,47.64451065659523
59.0,54.174570858478546
66.0,54.91961055994034
68.0,39.85632312297821
47.0,50.600798204541206
47.0,51.60547314584255
47.0,56.63670971989632
57.00000000000001,62.190197110176086
52.0,68.50147712230682
57.99999999999999,66.47610515356064
89.0,69.16624134778976
74.0,82.42243552207947
85.0,77.21973913908005
109.00000000000001,82.66799747943878
128.0,102.54074192047119
127.00000000000001,121.18589240312576
159.0,125.10378760099411
193.0,140.2461951971054
196.0,163.16370731592178
128.0,175.76385927200317
87.0,141.39063173532486
66.0,102.23517966270447
93.0,84.79663699865341
61.00000000000001,106.35144656896591
61.99999999999999,91.74160194396973
46.0,56.37497967481613
4.0,32.87116648256779
10.0,16.651787772774696
11.0,9.543151885271072
10.0,22.928630456328392
13.0,23.589246332645416
27.0,29.33465914428234
28.0,37.31001117825508
32.0,28.424872532486916
17.0,25.13375575840473
17.0,20.322073817253113
14.0,14.913191467523575
15.0,11.598949313163757
15.0,24.724037244915962
21.0,34.406081065535545
30.0,39.71049293875694
32.0,38.91868829727173
26.0,42.389986887574196
45.0,26.59052775800228
60.0,37.42954520881176
61.00000000000001,48.995942518115044
39.0,57.605455577373505
59.0,52.69239775836468
70.0,61.095261454582214
68.0,71.09728360176086
94.0,63.0295792222023
61.00000000000001,52.55205850303173
93.0,56.816317051649094
74.0,72.36627852916718
54.0,74.40038520097733
51.0,66.86714816093445
59.0,62.84611237049103
63.0,66.95549815893173
100.0,70.5752962231636
101.0,87.1819599866867
102.0,90.60970884561539
122.00000000000001,93.54549586772919
141.0,112.07964706420898
149.0,130.51736104488373
27.0,142.8204950094223
43.0,80.28727036714554
59.0,55.13865101337433
52.0,69.90513628721237
56.0,74.3048112988472
72.0,75.77928757667542
84.0,79.73349273204803
114.00000000000001,88.9518672823906
110.0,106.9028627872467
190.0,114.05636876821518
250.0,152.56603682041168
280.0,197.11598056554794
256.0,224.25154173374176
177.0,218.1204149723053
161.0,179.53794926404953
206.0,164.58635938167572
295.0,190.0728771686554
303.0,243.1672521829605
259.0,237.46318638324738
185.0,199.8305180668831
152.0,143.38360404968262
139.0,136.6107686161995
213.0,140.19635152816772
172.0,185.13605600595474
168.0,176.87581998109818
169.0,162.57090282440186
149.0,153.61628329753876
112.0,131.9326749444008
96.0,113.47105479240417
67.0,102.55524051189423
77.0,86.20348280668259
107.0,85.63783460855484
182.0,101.40229779481888
212.0,141.79965198040009
252.0,169.3536155819893
218.00000000000003,194.54141414165497
180.0,185.09120178222656
153.0,162.1988781094551
168.0,147.9692723751068
194.0,156.13430267572403
139.0,174.52452170848846
115.99999999999999,152.6858977675438
94.0,126.46779781579971
80.0,107.6068696975708
132.0,97.2269446849823
182.0,120.03015661239624
192.0,155.1540480852127
223.0,169.2942373752594
196.0,186.3297268152237
187.0,177.55526053905487
163.0,161.76036554574966
131.0,126.9082020521164
26.0,118.12658804655075
10.0,35.97652164101601
8.0,16.400347664952278
49.0,34.79630519449711
55.0,58.06701099872589
37.0,57.7073392868042
16.0,30.392983317375183
16.0,16.987585052847862
14.0,11.9857836663723
10.0,11.802323162555695
22.0,24.69567485153675
28.999999999999996,34.66063164174557
34.0,40.57618707418442
70.0,34.753098249435425
30.999999999999996,53.858191788196564
28.0,35.5091515481472
15.0,20.165772780776024
35.0,26.721576869487762
18.0,37.37720364332199
30.999999999999996,39.4972608089447
48.0,44.06038458645344
57.99999999999999,55.386656910181046
61.00000000000001,58.74447101354599
18.0,39.841802313923836
12.0,25.255222722887993
16.0,20.51845546066761
9.0,12.938332870602608
32.0,25.654524341225624
46.0,41.99800756573677
9.0,41.01865755021572
10.0,27.423301711678505
10.0,21.588377237319946
6.0,18.593024745583534
6.0,14.95357994735241
12.0,19.142200157046318
19.0,26.323817789554596
36.0,30.61491523683071
13.0,40.76529085636139
18.0,25.162340328097343
10.0,30.084745422005653
10.0,25.15973451733589
11.0,11.82644833624363
21.0,22.867084443569183
35.0,37.09825176000595
50.0,49.284876465797424
46.0,39.42893207073212
21.0,35.127027332782745
22.0,26.946428820490837
21.0,30.194741740822792
36.0,33.108622178435326
42.0,39.14533035457134
30.0,47.64158745110035
30.0,31.996223464608192
28.999999999999996,40.12971107661724
42.0,43.28093294799328
49.0,49.956448808312416
50.0,43.10714028775692
55.0,45.434157863259315
51.0,53.48846501111984
61.99999999999999,57.83899462223053
93.0,66.84555262327194
113.0,82.68111222982407
85.0,101.01784390211105
133.0,93.58730310201645
159.0,108.46961206197739
146.0,128.2872821688652
90.0,137.0157516002655
70.0,117.79864311218262
64.0,99.30004012584686
112.0,88.42257982492447
147.0,96.10913121700287
144.0,122.97733175754547
129.0,121.10180819034576
162.0,118.37997061014175
152.0,139.42506963014603
172.0,142.26120740175247
220.0,141.2174865603447
158.0,164.57158148288727
123.0,140.8512892127037
113.0,120.94019079208374
125.0,111.92025142908096
109.00000000000001,115.15167260169983
96.0,107.60892641544342
84.0,100.71309417486191
87.0,94.34213125705719
72.0,91.92419278621674
75.0,84.3501768708229
60.0,78.71617913246155
66.0,61.98334461450577
45.0,59.98384031653404
48.0,59.131514847278595
72.0,61.36735761165619
41.0,74.42788428068161
57.00000000000001,60.75481116771698
61.99999999999999,63.82145369052887
55.0,68.34318602085114
55.0,62.71557426452637
87.0,60.47368195652962
69.0,77.9290274977684
55.0,77.31960421800613
56.0,70.74953323602676
55.0,70.35224390029907
53.0,72.31516528129578
20.0,41.25485636293888
12.0,25.446221351623535
15.0,28.159121096134186
14.0,18.50237998366356
14.0,26.009476393461227
6.0,27.721963807940483
10.0,15.940937831997871
14.0,21.971529811620712
15.0,16.575486078858376
12.0,12.890241220593452
16.0,13.367133155465126
15.0,16.52007530629635
19.0,17.33755400776863
16.0,19.308156341314316
21.0,19.353540614247322
13.0,21.734667643904686
16.0,34.44058822095394
13.0,25.419369757175446
16.0,17.727622613310814
21.0,17.019603833556175
43.0,20.514783203601837
46.0,42.99885155260563
50.0,60.09576004743576
82.0,61.957711815834045
82.0,66.69023233652115
89.0,66.35079771280289
61.99999999999999,47.819239631295204
51.0,55.14556387066841
35.0,58.173807978630066
136.0,56.71005964279175
127.00000000000001,97.76513189077377
115.99999999999999,90.83679842948914
61.00000000000001,74.19895380735397
30.999999999999996,38.04258678853512
28.0,38.81627771258354
45.0,45.31703285872936
61.00000000000001,59.97741624712944
72.0,71.5417377948761
115.99999999999999,76.42767423391342
149.0,99.96235406398773
113.0,113.61713254451752
112.0,97.86709177494049
67.0,91.75810647010803
72.0,76.48033636808395
61.99999999999999,82.27253633737564
60.0,84.54062640666962
86.0,78.39884787797928
110.99999999999999,83.06376332044601
113.0,97.16733795404434
133.0,96.66726350784302
87.0,106.31695210933685
95.0,96.64250671863556
88.0,103.70898306369781
93.0,106.35337632894516
121.0,106.69712752103806
138.0,118.74498724937439
125.0,129.87062484025955
110.0,120.34682768583298
61.00000000000001,104.3297563791275
81.0,80.24344450235367
88.0,87.47216033935547
96.0,98.58332473039627
101.0,104.56794208288193
155.0,104.61889028549194
151.0,128.24416726827621
92.0,131.6027621626854
84.0,98.36142772436142
86.0,82.85802805423737
85.0,88.5088604092598
78.0,91.84537732601166
53.0,89.47718095779419
113.0,73.48762142658234
159.0,73.67311960458755
148.0,110.88329744338989
122.00000000000001,124.2598984837532
144.0,116.14777153730392
199.0,126.42533040046692
201.0,159.05536258220673
187.0,169.90305125713348
208.0,165.7601866722107
227.0,179.1052513718605
180.0,195.36044490337372
155.0,176.589783847332
122.00000000000001,155.7500900030136
167.0,137.6265841126442
196.0,154.6052218079567
135.0,174.3519224524498
146.0,146.89310109615326
185.0,110.06241309642792
123.0,145.47687309980392
98.0,129.21869605779648
115.0,107.79500859975815
134.0,116.48975801467896
78.0,130.15044003725052
93.0,106.39176839590073
69.0,102.99857747554779
77.0,90.87804704904556
101.0,83.54305475950241
110.0,92.80345237255096
101.0,106.27368485927582
115.0,110.49471741914749
138.0,116.52448099851608
184.0,122.4985608458519
175.0,149.68821877241135
88.0,153.18008136749268
82.0,77.68435424566269
76.0,74.31236529350281
69.0,59.29808360338211
67.0,80.02131897211075
74.0,86.47467756271362
89.0,81.51351857185364
90.0,84.67264991998672
12.0,84.51227670907974
5.0,35.695214688777924
6.0,24.0402864664793
7.0,22.039303109049797
2.0,12.237163469195366
6.0,8.272776290774345
10.0,10.813086301088333
11.0,13.885889455676079
14.0,15.478769838809967
30.999999999999996,14.878849357366562
28.0,29.865120962262154
32.0,35.20068830251694
27.0,42.485221177339554
32.0,45.78293024003506
49.0,50.2863425463438
61.99999999999999,38.403001204133034
50.0,35.62003022432327
8.0,37.909414306283
2.0,24.22777470946312
8.0,16.97875513136387
28.0,22.81778034567833
125.0,39.46165229380131
101.0,86.34241282939911
85.0,92.75084102153778
52.0,56.960744351148605
48.0,28.91862764954567
43.0,38.538830280303955
37.0,51.093217089772224
48.0,58.048145055770874
48.0,63.75269329547882
42.0,62.87805497646332
69.0,58.30420643091202
83.0,57.307421922683716
72.0,65.50376003980637
46.0,66.46829724311829
49.0,57.33461630344391
57.99999999999999,61.52535670995712
72.0,71.45265144109726
120.0,81.98895049095154
144.0,104.56811982393265
123.99999999999999,116.15458917617798
72.0,112.47420680522919
53.0,85.91551691293716
33.0,69.779993891716
55.0,61.589146703481674
17.0,69.98993146419525
24.0,51.064464300870895
30.999999999999996,44.817859813570976
25.0,39.912663862109184
37.0,39.88535839319229
30.0,27.223314464092255
28.0,34.774896919727325
49.0,41.75914581120014
86.0,59.28884106874466
53.0,58.70668834447861
12.0,40.59440553188324
12.0,24.568151995539665
6.0,24.073784306645393
10.0,21.149636149406433
14.0,25.70027044415474
23.0,31.283745288848877
50.0,21.279161766171455
26.0,44.21527956426144
15.0,30.98024609684944
8.0,19.489201471209526
19.0,19.933001831173897
33.0,28.94167050719261
30.999999999999996,38.54029029607773
64.0,43.5597070902586
23.0,60.27598947286606
21.0,49.03396640717983
38.0,37.257095128297806
53.0,39.09853050112724
38.0,44.35947833955288
17.0,27.553411334753036
21.0,20.49424459040165
26.0,20.693463742733
28.999999999999996,38.07089839875698
22.0,31.663723915815353
35.0,25.813666060566902
27.0,42.0233261436224
28.0,30.07038965821266
30.999999999999996,39.12935587763786
35.0,47.92486225068569
37.0,53.42951846122742
32.0,34.545239612460136
32.0,44.84987224638462
71.0,35.56697452068329
114.00000000000001,60.23239213228226
26.0,83.06641674041748
17.0,48.665921822190285
22.0,35.40715992450714
24.0,46.50782807171345
55.0,53.721166133880615
88.0,62.61733424663544
46.0,57.92457693815231
49.0,35.422886833548546
48.0,38.24360874295235
28.0,44.66554842889309
56.0,41.09904094040394
80.0,58.43456679582596
172.0,83.67130762338638
19.0,132.60585647821426
27.0,73.53258991241455
36.0,36.05673363804817
37.0,32.329643458127975
38.0,35.77295735478401
20.0,40.62824933230877
55.0,40.870586559176445
93.0,55.185669869184494
56.0,79.82264256477356
35.0,61.50540527701378
39.0,28.805977910757065
59.0,30.658772841095924
74.0,48.748993545770645
65.0,69.13541597127914
74.0,71.33931612968445
74.0,75.26772344112396
74.0,75.84586429595947
97.0,68.93157237768173
123.0,84.45608514547348
78.0,74.10506844520569
55.0,71.30435192584991
59.0,63.02019703388214
84.0,70.17280161380768
73.0,89.53090953826904
88.0,89.94992136955261
106.0,93.22406387329102
114.00000000000001,101.69400894641876
81.0,102.7466676235199
77.0,84.20315963029861
77.0,80.6201793551445
77.0,88.4263504743576
77.0,92.84744328260422
118.99999999999999,90.34040576219559
133.0,110.78708875179291
173.0,114.68960934877396
138.0,134.63744938373566
134.0,124.533607006073
115.0,124.59396278858185
69.0,119.84539479017258
22.0,96.40958976745605
23.0,35.56396244466305
30.0,39.70002208650112
19.0,31.305712178349495
42.0,36.97712758183479
72.0,48.27707201242447
91.0,68.11317640542984
123.99999999999999,88.80578953027725
115.0,115.37274438142776
142.0,118.32914936542511
120.0,126.71030008792877
153.0,111.62562024593353
115.99999999999999,123.69568490982056
83.0,115.84246319532394
104.0,100.68261158466339
151.0,110.64573383331299
26.0,138.5202153325081
30.999999999999996,51.492458403110504
45.0,24.752009242773056
6.0,48.30043226480484
4.0,21.488635942339897
10.0,20.084589555859566
7.0,25.290266275405884
46.0,30.80416502058506
25.0,47.949022337794304
24.0,47.0007040053606
15.0,26.448620572686195
17.0,16.83091901242733
7.0,10.587247252464294
9.0,7.638894572854042
8.0,23.412536814808846
21.0,31.419355362653732
26.0,36.1980060338974
39.0,40.12059549987316
27.0,30.036428421735764
19.0,22.408103093504906
13.0,14.39822168648243
8.0,21.781613498926163
13.0,22.13719716668129
30.999999999999996,29.106106370687485
57.00000000000001,39.204340383410454
79.0,60.93595468997955
30.999999999999996,75.07680416107178
24.0,34.22273799777031
38.0,24.78148251771927
48.0,33.28848025202751
61.99999999999999,43.08800773322582
82.0,58.32561153173447
89.0,79.76043319702148
103.0,86.30523955821991
83.0,87.85342758893967
67.0,77.61600011587143
66.0,41.791297897696495
80.0,34.022074699401855
98.0,66.33344256877899
125.0,94.92811810970306
79.0,121.76619154214859
85.0,95.43042701482773
90.0,82.7128643989563
71.0,77.41591447591782
49.0,72.57200109958649
81.0,61.03318539261818
87.0,77.22060245275497
139.0,93.01935696601868
107.0,125.7879763841629
174.0,116.56142574548721
163.0,141.19204419851303
151.0,137.98730957508087
196.0,135.43052995204926
130.0,153.97021651268005
149.0,141.35105895996094
143.0,150.73963326215744
100.0,155.07629907131195
139.0,118.46661937236786
86.0,116.21709054708481
80.0,68.25999051332474
57.99999999999999,73.52309346199036
78.0,70.18472295999527
72.0,79.19718450307846
99.0,85.70114850997925
103.0,71.08763480186462
87.0,79.9957115650177
101.0,85.06284230947495
123.0,86.1702071428299
144.0,104.87280607223511
163.0,126.85453695058823
157.0,146.43386900424957
84.0,141.79457366466522
36.0,76.83338087797165
49.0,62.75116056203842
27.0,63.074509620666504
25.0,34.40928675234318
39.0,34.548435777425766
23.0,48.438794150948524
12.0,44.367629036307335
10.0,30.40157201886177
10.0,21.71217070519924
12.0,25.105650454759598
6.0,23.55001951754093
17.0,11.82693712413311
8.0,9.36082448065281
12.0,20.37330450117588
12.0,25.66401444375515
21.0,32.52195292711258
23.0,39.84955309331417
47.0,41.3518458455801
53.0,50.19388546049595
48.0,36.15704306960106
30.999999999999996,42.85082499682903
17.0,41.637482061982155
35.0,39.09926050901413
60.0,56.572964161634445
60.0,78.41254663467407
74.0,75.47157973051071
70.0,68.42075729370117
93.0,59.044313818216324
109.00000000000001,68.81383162736893
74.0,86.05886507034302
70.0,83.00531190633774
155.0,82.28294688463211
148.0,124.30109632015228
152.0,128.54036003351212
139.0,130.13392281532288
133.0,128.01651906967163
138.0,121.62253868579865
127.00000000000001,123.9091392159462
100.0,128.60890460014343
132.0,119.55523252487183
162.0,132.2632479071617
145.0,149.90510094165802
163.0,146.95185720920563
196.0,147.9287855029106
176.0,164.94242548942566
79.0,163.631356716156
110.0,117.13050180673599
129.0,123.56984424591064
104.0,110.22081845998764
6.0,84.14720928668976
6.0,24.735520586371422
7.0,10.74184387922287
3.0,9.237434104084969
6.0,8.264768421649933
15.0,25.337370827794075
20.0,37.06479835510254
30.0,43.681009009480476
45.0,44.9560217410326
25.0,35.17328444123268
27.0,27.13203491270542
30.999999999999996,22.816317155957222
45.0,37.70417734980583
41.0,50.65952257812023
61.00000000000001,55.211131274700165
41.0,63.76587152481079
54.0,57.28248739242554
115.0,56.09376794099808
112.0,75.11759573221207
74.0,84.57666975259781
30.0,70.86794686317444
43.0,48.023149877786636
65.0,52.110251381993294
82.0,68.3418402671814
77.0,80.99478131532669
81.0,77.86662769317627
94.0,73.7525063753128
93.0,81.1476132273674
91.0,90.02525818347931
115.99999999999999,85.3466185927391
113.0,108.76941043138504
121.0,118.46815556287766
147.0,93.39117854833603
60.0,121.84595918655396
59.0,91.08003705739975
68.0,78.55420625209808
45.0,84.23723512887955
54.0,74.66085201501846
57.99999999999999,76.22984844446182
52.0,78.72884953022003
61.99999999999999,73.61546802520752
95.0,63.83766621351242
96.0,71.81472265720367
50.0,81.32986128330231
38.0,59.98732531070709
48.0,46.70723131299019
61.00000000000001,53.09735535085201
74.0,63.78426772356033
75.0,74.7775771021843
95.0,75.17580592632294
63.0,84.34767580032349
11.0,57.37938165664673
11.0,23.305689051747322
10.0,8.094676584005356
34.0,27.146311327815056
42.0,43.547408044338226
28.0,36.06219282746315
16.0,24.821731343865395
11.0,18.023059979081154
4.0,20.617085874080658
8.0,3.6989182233810425
16.0,1.9104750752449036
25.0,26.153757691383362
30.0,38.85074043273926
53.0,45.99174423515797
18.0,54.640265107154846
20.0,24.77381743490696
22.0,21.048076182603836
69.0,32.49546633660793
93.0,59.67142868041992
56.0,85.50970870256424
56.0,70.40658187866211
16.0,61.80107116699219
19.0,38.2448910176754
18.0,35.64153054356575
44.0,33.37639859318733
60.0,40.01357951760292
35.0,54.5237050652504
49.0,53.517716109752655
56.0,56.77555087208748
99.0,53.7457959651947
97.0,77.52126413583755
118.99999999999999,62.66834592819214
67.0,62.74584737420082
41.0,42.58674305677414
27.0,50.430687323212624
51.0,58.826511204242706
59.0,73.94799613952637
84.0,82.58862340450287
106.0,89.96282029151917
121.0,91.19262331724167
118.0,109.24899387359619
67.0,115.86177349090576
53.0,97.1795893907547
105.0,80.05926668643951
144.0,108.40846914052963
142.0,135.57877868413925
128.0,140.70331978797913
123.0,104.90787184238434
115.0,88.10211271047592
89.0,108.06775224208832
140.0,105.29117041826248
180.0,132.36477613449097
229.0,167.4816214442253
133.0,196.22497737407684
80.0,149.4601008296013
63.0,96.24856907129288
67.0,76.03988134860992
88.0,76.0351585149765
93.0,96.15021479129791
82.0,105.93927776813507
75.0,96.56532901525497
80.0,79.4838554263115
89.0,76.8435121178627
118.0,79.85010355710983
127.00000000000001,98.12885355949402
133.0,106.30416744947433
107.0,111.1155669093132
118.99999999999999,81.79935157299042
123.0,74.66077584028244
96.0,98.38011592626572
81.0,72.92345863580704
45.0,50.732155188918114
36.0,29.912920609116554
27.0,22.126723140478134
42.0,32.697237342596054
75.0,38.021518126130104
50.0,47.86137695610523
46.0,56.691891968250275
9.0,43.19931171834469
22.0,34.76720327138901
14.0,19.1363854855299
11.0,28.372610315680504
30.999999999999996,34.82877467572689
61.00000000000001,46.32767164707184
110.99999999999999,66.49276202917099
89.0,92.183986723423
103.0,86.72362929582596
121.0,85.48467260599136
148.0,92.08155709505081
159.0,124.66871559619904
128.0,148.72393548488617
157.0,145.0892071723938
60.0,158.57454764842987
87.0,112.76645117998123
107.0,102.06076490879059
121.0,113.92593222856522
123.0,126.1529803276062
155.0,129.92931747436523
203.0,143.67441380023956
196.0,145.1120976805687
118.99999999999999,169.38166058063507
9.0,130.9443331360817
43.0,38.39121951162815
26.0,30.759507581591606
10.0,35.747676864266396
10.0,34.55116219818592
22.0,31.819907516241074
52.0,41.30177365243435
77.0,51.74206079542637
66.0,71.56194949150085
57.99999999999999,68.82000178098679
71.0,60.541242599487305
98.0,63.79302781820297
61.99999999999999,87.4324352145195
46.0,86.21607702970505
51.0,78.78929418325424
75.0,77.41049337387085
105.0,76.16923874616623
103.0,94.93503731489182
99.0,100.47470533847809
17.0,67.60672867298126
10.0,30.840662240982056
12.0,27.072028264403343
21.0,23.029765114188194
26.0,29.576545670628548
22.0,31.068475484848022
20.0,27.258285015821457
15.0,24.723453238606453
22.0,23.508548721671104
21.0,26.716117680072784
26.0,33.21536202728748
53.0,42.6495713442564
78.0,64.7631384730339
89.0,83.45907211303711
69.0,98.29952305555344
73.0,91.83636331558228
91.0,88.30278235673904
77.0,91.54237961769104
100.0,73.19615149497986
88.0,74.65145713090897
82.0,67.51208156347275
59.0,67.2392109632492
80.0,54.44237583875656
64.0,59.24755436182022
64.0,77.32417470216751
27.0,52.778805300593376
33.0,52.50297023355961
93.0,62.83261039853096
121.0,96.47974669933319
135.0,115.19519376754761
109.00000000000001,118.9500623345375
53.0,79.81389516592026
84.0,68.06909662485123
172.0,88.75169277191162
207.0,150.24233919382095
161.0,186.6496987938881
130.0,168.68444591760635
81.0,136.35399627685547
59.0,104.22723788022995
57.99999999999999,81.75363403558731
78.0,81.42990410327911
103.0,89.33029067516327
109.00000000000001,90.16337567567825
101.0,93.11552757024765
79.0,89.37904250621796
70.0,81.42306107282639
63.0,77.54338020086288
21.0,48.88632707297802
8.0,20.272699892520905
12.0,7.558038264513016
11.0,22.102918535470963
27.0,29.109318405389786
39.0,35.87905924022198
28.0,42.07834017276764
22.0,21.13620400428772
21.0,16.301485553383827
18.0,15.759768918156624
25.0,28.58462682366371
33.0,38.84750618040562
74.0,53.97551357746124
91.0,82.58391326665878
114.00000000000001,92.75489097833633
85.0,106.44283086061478
66.0,70.35615420341492
104.0,62.277861535549164
158.0,95.51499366760254
189.0,142.54855120182037
254.99999999999997,183.8458337187767
301.0,216.09894061088562
249.0,248.92420864105225
217.0,200.7710348367691
224.0,187.21285861730576
272.0,176.11654829978943
320.0,222.24598789215088
402.0,277.71587204933167
432.0,330.41068518161774
388.0,348.0702234506607
349.0,317.58357059955597
341.0,285.8660863637924
342.0,256.3815883398056
343.0,274.77382600307465
373.0,298.16718900203705
429.99999999999994,330.8562058210373
438.0,383.40539824962616
429.99999999999994,369.8442893028259
375.0,378.6216756105423
338.0,359.48094499111176
323.0,310.8031303882599
328.0,323.5047343969345
267.0,336.43516731262207
263.0,313.65597581863403
330.0,299.69164860248566
328.0,323.1293452978134
317.0,324.2371037006378
204.0,310.47502040863037
196.0,249.1155595779419
246.0,232.27271604537964
233.0,265.45608150959015
108.0,227.3697291612625
5.0,107.88897013664246
8.0,5.74297522008419
9.0,-9.753905162215233
8.0,8.410293906927109
3.0,7.455249980092049
3.0,18.031635984778404
6.0,20.122131004929543
6.0,7.568848729133606
8.0,1.075752317905426
7.0,1.0234805792570114
3.0,-0.9997743666172028
7.0,-0.8694489151239395
7.0,16.62404429912567
9.0,6.4013312458992
10.0,3.498105749487877
13.0,25.075682044029236
35.0,43.30607061088085
61.00000000000001,59.15954715013504
45.0,68.852807700634
20.0,37.73100355267525
17.0,39.85332056879997
30.999999999999996,26.138589397072792
37.0,44.449088394641876
54.0,66.81174373626709
88.0,84.7627392411232
141.0,99.15513038635254
125.0,123.79035741090775
89.0,119.83748531341553
61.99999999999999,72.53127300739288
13.0,61.853441298007965
9.0,23.19796845316887
8.0,9.318655416369438
20.0,8.941980868577957
40.0,9.46156556904316
28.999999999999996,35.01881477236748
36.0,39.693121924996376
44.0,41.53356385231018
17.0,41.468069449067116
28.999999999999996,33.930982410907745
59.0,43.930119439959526
60.0,78.04774582386017
85.0,86.8796478509903
98.0,96.8370316028595
98.0,102.0353479385376
76.0,77.1116852760315
87.0,54.83123517036438
115.99999999999999,85.43650478124619
118.0,119.270339012146
189.0,141.54734855890274
211.0,175.77212423086166
197.0,165.43740892410278
117.0,140.4100597500801
94.0,94.25055652856827
155.0,89.53328365087509
210.0,136.42274397611618
239.0,191.36893951892853
315.0,224.40589714050293
406.0,267.3742629289627
397.0,317.50607550144196
362.0,327.30824053287506
352.0,318.00306487083435
292.0,314.44400346279144
183.0,294.0984170436859
169.0,241.87164688110352
197.0,202.40815687179565
161.0,192.18832576274872
177.0,156.8343738913536
187.0,137.64338064193726
234.0,145.22477281093597
268.0,181.27039128541946
253.0,224.58005797863007
256.0,241.65371096134186
239.0,246.85192573070526
61.00000000000001,231.12448346614838
33.0,126.34124618768692
30.999999999999996,75.97569143772125
38.0,61.4431768655777
38.0,53.672922134399414
35.0,49.470339730381966
38.0,51.00138209760189
84.0,61.889941692352295
60.0,92.60290968418121
52.0,91.413898229599
104.0,72.47089183330536
79.0,99.19159269332886
104.0,96.3807703256607
86.0,114.93877691030502
97.0,120.97303479909897
127.00000000000001,116.95974344015121
126.0,130.6248435974121
108.0,125.32245987653732
113.0,120.5086482167244
130.0,124.28197646141052
145.0,105.34628283977509
143.0,134.1592624783516
170.0,149.30222868919373
196.0,167.91463673114777
227.0,184.09242403507233
183.0,173.283800303936
178.0,140.31581890583038
192.0,128.7740895152092
253.0,137.99816447496414
317.0,207.9332247376442
339.0,273.00535333156586
356.0,295.37695920467377
381.0,304.1231138706207
310.0,312.0809361934662
315.0,274.35641384124756
324.0,244.30550587177277
331.0,243.589311003685
376.0,279.47060787677765
440.0,320.27383375167847
452.99999999999994,372.1862815618515
395.0,388.387149810791
312.0,327.06554782390594
39.0,256.6058213710785
16.0,78.69712275266647
9.0,28.203819796442986
9.0,19.34115904569626
9.0,14.677322745323181
15.0,11.685340985655785
10.0,9.813219889998436
9.0,5.086977437138557
12.0,4.576968535780907
30.999999999999996,19.74333943426609
35.0,24.06717297434807
25.0,30.484107345342636
40.0,38.66435989737511
57.00000000000001,53.056595519185066
50.0,72.29373478889465
74.0,79.46460860967636
77.0,91.26482427120209
92.0,89.86753839254379
90.0,104.08043646812439
53.0,113.28216683864594
51.0,99.44552117586136
59.0,92.43785172700882
93.0,95.73157113790512
139.0,91.35224747657776
114.00000000000001,105.8307414650917
106.0,68.69978535175323
105.0,54.704607367515564
113.0,89.05260837078094
158.0,117.31560641527176
183.0,160.18762385845184
214.99999999999997,186.40918976068497
214.0,197.73856937885284
176.0,189.74659538269043
137.0,167.3438594341278
163.0,135.32492637634277
179.0,157.28822296857834
199.0,185.05772298574448
193.0,206.29800707101822
212.0,196.1127973794937
223.0,187.50662648677826
194.0,166.0120965242386
169.0,174.41528713703156
144.0,169.80137068033218
145.0,164.0464836359024
176.0,171.68777453899384
200.0,185.23098242282867
180.0,190.40670025348663
180.0,148.07728815078735
24.0,128.26070988178253
22.0,64.80141627788544
12.0,49.65929116308689
12.0,18.845893129706383
10.0,14.061240524053574
18.0,14.751097977161407
10.0,14.399326220154762
8.0,4.887031450867653
2.0,-0.06607840955257416
7.0,-0.1320393830537796
6.0,1.245866373181343
7.0,2.3778261244297028
11.0,4.21928371489048
8.0,8.466406121850014
17.0,12.484880536794662
28.0,35.515058264136314
20.0,39.33756682276726
39.0,41.19163450598717
11.0,41.21318243443966
10.0,33.04061718285084
23.0,32.55306713283062
43.0,41.40853254497051
61.00000000000001,71.47922372817993
76.0,76.34814780950546
80.0,69.33801537752151
85.0,76.7350646853447
118.0,83.39530116319656
153.0,109.44594365358353
157.0,148.23034858703613
208.0,171.01562136411667
239.0,198.14023876190186
184.0,187.3665919303894
147.0,148.19838058948517
137.0,114.93302571773529
8.0,102.05685460567474
9.0,27.64504002034664
10.0,15.79887829720974
6.0,18.56851552426815
4.0,15.640396758913994
3.0,10.547899827361107
7.0,6.062579020857811
11.0,12.564749747514725
7.0,14.670190885663033
4.0,12.686378583312035
6.0,10.981315031647682
40.0,24.6529059112072
41.0,41.27430631220341
79.0,49.954538092017174
90.0,68.1327406167984
66.0,52.92829504609108
60.0,54.723282873630524
33.0,60.213196098804474
46.0,52.37757709622383
37.0,72.30668449401855
46.0,73.10038715600967
79.0,76.63316828012466
69.0,91.79737454652786
78.0,60.989423006772995
74.0,47.43532530963421
87.0,73.00369602441788
74.0,100.43743050098419
94.0,110.63508206605911
92.0,112.69318377971649
113.0,79.71759760379791
54.0,70.2610627412796
38.0,39.438501521945
33.0,27.731012731790543
48.0,44.32520605623722
44.0,78.13308691978455
76.0,98.05030471086502
104.0,109.49194049835205
98.0,99.6661486029625
33.0,63.80984973907471
47.0,30.7869241386652
38.0,32.175760969519615
59.0,58.204899966716766
79.0,89.60931873321533
153.0,114.11195093393326
144.0,145.61562538146973
185.0,142.44577878713608
12.0,154.86398738622665
11.0,48.84552280604839
14.0,20.11343438923359
16.0,26.514406979084015
9.0,31.947303414344788
8.0,25.01727506518364
9.0,9.706997394561768
2.0,-1.7434587925672531
6.0,-7.695847883820534
5.0,-3.7561286240816116
5.0,-3.6458339542150497
5.0,-3.6026777923107147
7.0,-0.026619896292686462
12.0,4.161457568407059
12.0,8.547176733613014
12.0,10.15563802421093
15.0,27.879337638616562
40.0,39.22725945711136
16.0,44.992103174328804
25.0,23.998815670609474
30.999999999999996,19.16112957894802
45.0,40.579173758625984
43.0,59.23262411355972
52.0,41.76027573645115
49.0,30.9753455221653
41.0,27.233458399772644
21.0,30.993887722492218
21.0,31.640719145536423
32.0,29.435143142938614
74.0,41.834850803017616
138.0,75.69122958183289
208.0,99.64767622947693
87.0,135.50841861963272
52.0,69.38124454021454
128.0,52.2953877300024
206.0,108.12407076358795
230.0,191.1637628674507
250.0,209.82539248466492
273.0,203.18130505084991
221.99999999999997,236.2199639081955
299.0,193.74302673339844
256.0,244.27310621738434
22.0,230.31375575065613
18.0,90.76928222179413
17.0,40.5638372451067
12.0,31.997943744063377
12.0,22.61260052025318
13.0,11.863900914788246
9.0,7.056186407804489
19.0,27.148266479372978
14.0,20.09777095913887
8.0,15.948310911655426
27.0,15.597586557269096
61.99999999999999,40.205489069223404
81.0,68.594981610775
78.0,56.91189095377922
45.0,50.3289400935173
42.0,38.02863094210625
52.0,34.4337071031332
53.0,60.230341762304306
86.0,79.87032794952393
158.0,111.67890447378159
221.00000000000003,152.31055945158005
371.0,175.87202739715576
254.99999999999997,256.030016541481
275.0,234.4885629415512
346.0,244.31936967372894
399.0,315.58647215366364
346.0,377.4827871322632
394.0,365.9382519721985
393.0,358.0679544210434
324.0,308.44608092308044
368.0,268.25992119312286
299.0,256.4715760946274
314.0,266.6132265329361
292.0,304.9326227903366
342.0,335.3864697217941
375.0,379.7311352491379
375.0,388.5289617776871
375.0,351.73532009124756
375.0,323.90145242214203
287.0,315.6781357526779
93.0,304.78438675403595
88.0,209.37688833475113
19.0,147.69745552539825
37.0,94.65143877267838
17.0,69.24444741010666
12.0,26.971385568380356
13.0,11.709418550133705
30.999999999999996,14.198691487312317
30.999999999999996,25.209590882062912
26.0,34.7673968821764
65.0,65.26394927501678
123.0,96.75396305322647
107.0,121.19961655139923
100.0,100.02827060222626
99.0,54.73200488090515
113.0,80.2631356716156
110.99999999999999,88.81570494174957
141.0,136.59902501106262
143.0,176.37325716018677
181.0,175.67215758562088
240.0,171.3528215289116
188.0,164.0789721608162
115.99999999999999,128.17425155639648
41.0,83.62837046384811
19.0,40.785385116934776
22.0,39.54392100870609
44.0,55.973919689655304
80.0,76.14919209480286
90.0,87.20675486326218
110.99999999999999,69.57348418235779
112.0,79.76379758119583
159.0,90.64598071575165
157.0,138.05832982063293
192.0,168.2027422785759
205.0,205.83472502231598
266.0,232.64642930030823
323.0,265.9472815990448
258.0,299.2008547782898
241.00000000000003,273.5737692117691
201.0,251.8837240934372
241.00000000000003,227.6407334804535
289.0,241.5903081893921
350.0,275.1912635564804
436.00000000000006,311.8121917247772
469.99999999999994,354.98653399944305
176.0,369.4790314435959
20.0,195.42339062690735
14.0,54.22087240219116
13.0,33.34988026320934
18.0,23.56771109998226
20.0,31.467437490820885
34.0,32.61516223847866
34.0,24.39955508708954
51.0,24.52862048149109
83.0,33.95098780095577
83.0,58.840006828308105
77.0,61.22836410999298
86.0,84.60355943441391
99.0,101.98009586334229
200.0,122.5202579498291
219.0,182.56569188833237
254.00000000000003,211.16846734285355
277.0,222.39556968212128
295.0,238.00468719005585
301.0,258.6053320169449
380.0,287.93692195415497
343.0,346.5315191745758
328.0,340.1526975631714
242.0,289.70470905303955
194.0,235.4213479757309
234.99999999999997,149.53806567192078
18.0,136.72080302238464
23.0,25.945670530200005
30.0,4.499267131090164
18.0,14.837864175438881
44.0,19.005933076143265
48.0,25.405458346009254
21.0,27.455295100808144
12.0,18.504354178905487
11.0,10.074680149555206
14.0,6.523550435900688
9.0,6.871754676103592
9.0,8.052253603935242
8.0,10.086918890476227
15.0,11.663488358259201
11.0,15.071663483977318
12.0,28.3282353579998
26.0,34.21122291684151
52.0,26.668051421642303
40.0,49.26154477894306
96.0,63.00394642353058
110.99999999999999,100.48374474048615
123.0,121.59602987766266
26.0,90.31549662351608
9.0,53.03073102235794
17.0,16.811811849474907
11.0,16.55888633430004
9.0,19.722927778959274
15.0,18.55738766491413
7.0,17.019194394350052
11.0,7.721750468015671
9.0,-0.6547535955905914
6.0,-0.8857185691595078
7.0,17.092493534088135
9.0,13.564165458083153
10.0,11.266233935952187
10.0,12.610219717025757
9.0,15.691065654158592
6.0,15.942766025662422
8.0,12.536949142813683
14.0,13.139945179224014
11.0,18.240338891744614
13.0,16.1026758402586
9.0,14.007416725158691
32.0,25.47275237739086
130.0,45.638191893696785
140.0,106.30180603265762
109.00000000000001,126.64400267601013
38.0,80.22603857517242
30.999999999999996,30.517179876565933
16.0,34.81947818398476
33.0,45.35989384353161
61.00000000000001,67.41126430034637
118.99999999999999,91.94808626174927
102.0,117.83706057071686
80.0,99.7877488732338
59.0,80.58082240819931
79.0,80.67192739248276
54.0,100.104851603508
22.0,56.19454711675644
13.0,27.007028996944427
18.0,19.138515204191208
18.0,15.527121752500534
17.0,15.74611459672451
22.0,16.857043772935867
32.0,19.268783524632454
40.0,21.471223667263985
100.0,40.32621967792511
136.0,83.77399116754532
136.0,128.94087409973145
180.0,139.09139889478683
180.0,155.43310153484344
180.0,164.36232948303223
180.0,170.45169979333878
339.0,178.2995638847351
390.0,280.5100883245468
352.0,354.56904566287994
367.0,328.66298282146454
311.0,310.8510442972183
303.0,304.62787306308746
311.0,300.7863049507141
152.0,306.0476177930832
63.0,207.54011231660843
19.0,72.33103501796722
30.999999999999996,15.830871686339378
13.0,15.767881527543068
18.0,12.602345153689384
9.0,14.017830446362495
7.0,16.74625714123249
13.0,21.17374862730503
14.0,38.050508961081505
12.0,27.09774675965309
92.0,18.249197378754616
32.0,69.21473926305771
8.0,33.948201075196266
9.0,13.308811873197556
9.0,13.158382639288902
12.0,18.491982132196426
17.0,22.448266223073006
10.0,21.23705618083477
14.0,17.183417603373528
47.0,32.477428793907166
12.0,51.43603831529617
13.0,44.0331584662199
10.0,37.636140614748
37.0,35.62403257191181
57.99999999999999,44.81228318810463
41.0,64.17459976673126
80.0,65.53560742735863
86.0,94.8145923614502
126.0,103.07670736312866
144.0,116.15566831827164
90.0,96.43452429771423
76.0,65.54286307096481
53.0,73.1619998216629
44.0,74.9271969795227
110.0,76.44780975580215
109.00000000000001,119.76565253734589
167.0,129.71637099981308
305.0,140.35630577802658
269.0,186.03065210580826
17.0,222.30852735042572
10.0,74.24605518579483
8.0,30.895977795124054
10.0,35.63535086810589
10.0,33.961747482419014
6.0,22.371882006525993
5.0,9.732309624552727
11.0,5.717025026679039
12.0,10.230552703142166
9.0,13.735990270972252
13.0,14.165809392929077
11.0,14.845621302723885
14.0,14.667137548327446
9.0,14.459224954247475
17.0,12.442298859357834
57.00000000000001,36.083928018808365
88.0,63.875575840473175
152.0,87.98105835914612
77.0,115.46256709098816
93.0,92.46749639511108
244.99999999999997,96.42749083042145
180.0,185.35608673095703
146.0,180.5713484287262
138.0,127.3343997001648
136.0,102.95029538869858
132.0,104.09892153739929
163.0,130.12601333856583
202.0,173.7775395512581
234.99999999999997,211.54706847667694
274.0,218.88388895988464
219.0,208.24006927013397
204.0,170.31749260425568
19.0,153.9843088388443
17.0,51.871589586138725
12.0,28.607625246047974
15.0,31.92916113138199
8.0,29.276620343327522
9.0,20.01840640604496
12.0,12.792134508490562
15.0,11.293999627232552
12.0,15.479487150907516
12.0,16.9166758954525
12.0,15.859837129712105
14.0,14.910611048340797
8.0,16.402918562293053
4.0,13.651960015296936
8.0,8.927713975310326
9.0,8.441827073693275
8.0,10.450846865773201
21.0,10.6700269728899
15.0,14.377702116966248
20.0,14.568672180175781
46.0,16.538874596357346
53.0,45.36398823559284
95.0,67.49980473518372
117.0,88.79336035251617
145.0,109.26756781339645
80.0,125.11433780193329
71.0,99.45306247472763
75.0,89.898084461689
125.0,108.593370616436
142.0,148.51578801870346
162.0,145.61415266990662
84.0,117.26389646530151
88.0,59.6922624707222
95.0,47.37678819894791
95.0,53.5835882127285
234.0,61.27090135216713
33.0,180.44102615118027
13.0,93.19636166095734
11.0,47.059469640254974
13.0,24.738113701343536
18.0,19.373241305351257
12.0,29.84671524167061
12.0,18.87926083803177
12.0,16.54743155837059
16.0,19.446381747722626
20.0,19.288458824157715
10.0,18.152318984270096
18.0,15.856875836849213
27.0,28.628116250038147
16.0,30.72472746670246
8.0,14.56449843943119
38.0,21.543596014380455
50.0,44.03460896015167
93.0,57.322529911994934
226.0,82.40928268432617
133.0,161.9792155623436
110.99999999999999,121.39434456825256
131.0,98.47866064310074
171.0,121.46677404642105
260.0,168.9236980676651
242.0,241.43486094474792
163.0,263.8727642297745
216.0,181.97319209575653
207.0,159.1432301402092
182.0,149.3421315550804
194.0,128.3576295375824
208.0,130.94379991292953
317.0,190.69822096824646
327.0,287.86981201171875
385.0,330.34748554229736
443.99999999999994,361.75054585933685
264.0,364.02448868751526
160.0,266.9884124994278
69.0,199.80345064401627
33.0,134.97449719905853
41.0,79.18066728115082
293.0,69.50947201251984
362.0,227.71264243125916
372.0,321.1202620267868
171.0,342.36458337306976
141.0,215.03086924552917
56.0,184.7774634361267
28.0,105.57911092042923
120.0,58.56665378808975
128.0,115.90092730522156
189.0,130.73767107725143
28.0,148.95075845718384
9.0,38.613525956869125
16.0,10.053332179784775
49.0,14.196647465229034
55.0,48.06775653362274
79.0,77.85205292701721
20.0,81.05644476413727
10.0,22.215914234519005
9.0,-2.4775420278310776
8.0,-2.473774552345276
8.0,1.2026626020669937
17.0,5.457431048154831
11.0,9.639674797654152
10.0,6.312336936593056
10.0,7.141911551356316
